Experiment ID,Method,Family,Backbone,Status,Stage,Split,Protocol,Protocol hash,HR@5,HR@10,HR@20,HR@50,NDCG@5,NDCG@10,NDCG@20,NDCG@50,Best epoch,Stop epoch,GPU,Runtime,Fidelity,Test evaluated,Git commit,Notes
random_002,Random,heuristic,none,CANONICAL,locked_test,test,B,954d8abff424b5a57daa74f361ab0f8309cf93121fcc12ef10569d2df11144c7,0.0007,0.0013,0.0030,0.0076,0.0004,0.0006,0.0010,0.0019,,,,,baseline implementation,1,e9a7a4e3484f438431495820280c61f10bf83919,
mostpop_002,MostPopular,heuristic,popularity,CANONICAL,locked_test,test,B,954d8abff424b5a57daa74f361ab0f8309cf93121fcc12ef10569d2df11144c7,0.0222,0.0295,0.0601,0.1030,0.0144,0.0167,0.0243,0.0327,,,,,baseline implementation,1,e9a7a4e3484f438431495820280c61f10bf83919,
ltr_xgb_002,XGBoost LambdaMART,learning_to_rank,XGBoost trees,CANONICAL,locked_test,test,B,954d8abff424b5a57daa74f361ab0f8309cf93121fcc12ef10569d2df11144c7,0.0195,0.0314,0.0557,0.0999,0.0111,0.0150,0.0209,0.0297,,,,,baseline implementation,1,e9a7a4e3484f438431495820280c61f10bf83919,experiments/ltr_xgb_baseline/runs/ltr_xgb_002_notes.md
ssd4rec_001,SSD4Rec,sequential_reproduction,SSD4Rec,CANONICAL,locked_test,test,B,954d8abff424b5a57daa74f361ab0f8309cf93121fcc12ef10569d2df11144c7,0.0648,0.1032,0.1683,0.3014,0.0453,0.0576,0.0739,0.1002,17,28,NVIDIA H200 NVL,00:37:55,canonical reproduction,1,,experiments/ssd4rec_baseline/runs/ssd4rec_001_notes.md
tim4rec_001,TiM4Rec,sequential_reproduction,TiM4Rec,CANONICAL,locked_test,test,B,954d8abff424b5a57daa74f361ab0f8309cf93121fcc12ef10569d2df11144c7,0.0683,0.1053,0.1696,0.3031,0.0479,0.0598,0.0759,0.1022,12,23,NVIDIA A100-SXM4-80GB,00:13:43,canonical reproduction,1,1301e2581295bb86f1ea9582ed38a9edfd1149fa,experiments/tim4rec_baseline/runs/tim4rec_001_notes.md
multitask_tim4rec_001,MultitaskTiM4Rec,multitask_sequential,TiM4Rec,CANONICAL,locked_test,test,B,954d8abff424b5a57daa74f361ab0f8309cf93121fcc12ef10569d2df11144c7,0.0651,0.1041,0.1663,0.3025,0.0456,0.0581,0.0738,0.1006,14,25,NVIDIA A100-SXM4-80GB,00:15:19,,1,96c346a1d82a6da8b5300dd9e3f83df76e1e8ee7,experiments/multitask_tim4rec/runs/multitask_tim4rec_001_notes.md
multitask_tim4rec_tuned_001,MultitaskTiM4Rec,multitask_sequential,TiM4Rec,CANONICAL,locked_test,test,B,954d8abff424b5a57daa74f361ab0f8309cf93121fcc12ef10569d2df11144c7,0.0665,0.1071,0.1746,0.3138,0.0469,0.0598,0.0767,0.1042,16,21,NVIDIA A100-SXM4-80GB,00:00:01,,1,1cc6b5b5ae26be8fd22e2e3b5adc1660d98137cd,experiments/multitask_tim4rec_optuna/runs/multitask_tim4rec_tuned_001_notes.md
ltr_xgb_optuna_001,XGBoost LambdaMART,learning_to_rank,XGBoost trees,EXPLORATORY,locked_test,test,B,954d8abff424b5a57daa74f361ab0f8309cf93121fcc12ef10569d2df11144c7,0.0226,0.0333,0.0574,0.1044,0.0143,0.0177,0.0237,0.0330,,,,,baseline implementation,1,e047668cb6a89079e7d94f3bdb437202bb08e003,experiments/ltr_xgb_optuna/runs/ltr_xgb_optuna_001_notes.md
random_001,Random,heuristic,none,EXPLORATORY,locked_test,test,B,954d8abff424b5a57daa74f361ab0f8309cf93121fcc12ef10569d2df11144c7,0.0497,0.1002,0.1949,0.4935,0.0292,0.0453,0.0689,0.1273,,,,,baseline implementation,1,908a1d28e732961adfc5d772840549ede6a60de4,sampled-100; not comparable with full-ranking paper results
mostpop_001,MostPopular,heuristic,popularity,EXPLORATORY,locked_test,test,B,954d8abff424b5a57daa74f361ab0f8309cf93121fcc12ef10569d2df11144c7,0.3424,0.4956,0.6873,0.9169,0.2366,0.2858,0.3342,0.3803,,,,,baseline implementation,1,908a1d28e732961adfc5d772840549ede6a60de4,sampled-100; not comparable with full-ranking paper results
ltr_xgb_001,XGBoost LambdaMART,learning_to_rank,XGBoost trees,EXPLORATORY,locked_test,test,B,954d8abff424b5a57daa74f361ab0f8309cf93121fcc12ef10569d2df11144c7,0.3423,0.4948,0.6865,0.9132,0.2363,0.2853,0.3337,0.3792,,,,,baseline implementation,1,908a1d28e732961adfc5d772840549ede6a60de4,experiments/ltr_xgb_baseline/runs/ltr_xgb_001_notes.md; sampled-100; not comparable with full-ranking paper results
pcgrad_001,MultitaskTiM4Rec,gradient_manipulation,MultitaskTiM4Rec,HISTORICAL,historical,validation,B,954d8abff424b5a57daa74f361ab0f8309cf93121fcc12ef10569d2df11144c7,0.0654,0.1082,0.1744,0.3089,0.0449,0.0586,0.0752,0.1018,9,19,NVIDIA H200 NVL,00:21:33,,0,unknown,"experiments/adaptive_multitask_tim4rec/runs/pcgrad_001_notes.md; historical PCGrad reference, not current family decision"
optuna_search_001,XGBoost LambdaMART,learning_to_rank,XGBoost trees,EXPLORATORY,validation_search,validation,B,954d8abff424b5a57daa74f361ab0f8309cf93121fcc12ef10569d2df11144c7,0.0228,0.0343,0.0566,0.1043,0.0148,0.0184,0.0240,0.0334,,,,,baseline implementation,0,e047668cb6a89079e7d94f3bdb437202bb08e003,experiments/ltr_xgb_optuna/runs/optuna_search_001_notes.md; validation search; no test evaluation in this row
multitask_optuna_search_001,MultitaskTiM4Rec,multitask_sequential,TiM4Rec,EXPLORATORY,validation_search,validation,B,954d8abff424b5a57daa74f361ab0f8309cf93121fcc12ef10569d2df11144c7,0.0669,0.1093,0.1722,0.3136,0.0463,0.0599,0.0757,0.1036,,,1,,,0,6cfc11b7fcc9fb9d444eaa0773091dbbe82f9103,experiments/multitask_tim4rec_optuna/runs/multitask_optuna_search_001_notes.md; validation search; no test evaluation in this row
adaptive_smoke_001,MultitaskTiM4Rec,multitask_sequential,TiM4Rec,IMPLEMENTED_NOT_EVALUATED,sanity,train,B,954d8abff424b5a57daa74f361ab0f8309cf93121fcc12ef10569d2df11144c7,—,—,—,—,—,—,—,—,,,Slurm GPU id 5,,implemented smoke only,0,unknown,experiments/adaptive_multitask_tim4rec/runs/adaptive_smoke_001_notes.md
behavior_moe_sanity_001,BehaviorMoETiM4Rec,architecture_investigation,TiM4Rec + behavior MoE,SANITY,sanity,validation,B,954d8abff424b5a57daa74f361ab0f8309cf93121fcc12ef10569d2df11144c7,0.0628,0.1027,0.1646,0.2962,0.0434,0.0562,0.0717,0.0976,4,5,NVIDIA A100-SXM4-80GB,00:06:43,,0,924f18d759fdcdf656300f24758b4f376fb16e8d,experiments/behavior_moe_tim4rec/runs/behavior_moe_sanity_001_notes.md
metabalance_sanity_001,MultitaskTiM4Rec,multitask_sequential,TiM4Rec,SANITY,sanity,validation,B,954d8abff424b5a57daa74f361ab0f8309cf93121fcc12ef10569d2df11144c7,0.0580,0.0951,0.1511,0.2665,0.0399,0.0518,0.0659,0.0886,5,5,NVIDIA H200 NVL,00:07:52,,0,unknown,experiments/adaptive_multitask_tim4rec/runs/metabalance_sanity_001_notes.md
multitask_tim4rec_sanity_001,MultitaskTiM4Rec,multitask_sequential,TiM4Rec,SANITY,sanity,validation,B,954d8abff424b5a57daa74f361ab0f8309cf93121fcc12ef10569d2df11144c7,0.0622,0.1011,0.1602,0.2888,0.0433,0.0557,0.0706,0.0959,5,5,NVIDIA A100-SXM4-80GB,00:06:27,,0,66e19ab1893dbb02f256b28ca0de9f95c7f7f65f,experiments/multitask_tim4rec/runs/multitask_tim4rec_sanity_001_notes.md
pcgrad_sanity_001,MultitaskTiM4Rec,multitask_sequential,TiM4Rec,SANITY,sanity,validation,B,954d8abff424b5a57daa74f361ab0f8309cf93121fcc12ef10569d2df11144c7,0.0634,0.1036,0.1656,0.3007,0.0439,0.0568,0.0723,0.0990,5,5,NVIDIA H200 NVL,00:06:41,,0,unknown,experiments/adaptive_multitask_tim4rec/runs/pcgrad_sanity_001_notes.md
ssd4rec_sanity_001,SSD4Rec,sequential_reproduction,SSD4Rec,SANITY,sanity,validation,B,954d8abff424b5a57daa74f361ab0f8309cf93121fcc12ef10569d2df11144c7,0.0638,0.1008,0.1615,0.2857,0.0440,0.0559,0.0712,0.0956,5,5,NVIDIA A100-SXM4-80GB,00:12:35,,0,,experiments/ssd4rec_baseline/runs/ssd4rec_sanity_001_notes.md
tim4rec_sanity_001,TiM4Rec,sequential_reproduction,TiM4Rec,SANITY,sanity,validation,B,954d8abff424b5a57daa74f361ab0f8309cf93121fcc12ef10569d2df11144c7,0.0613,0.1000,0.1597,0.2835,0.0432,0.0556,0.0706,0.0951,4,5,NVIDIA A100-SXM4-80GB,00:04:42,,0,701ecf072b2b33de945248753298749f5225a3e6,experiments/tim4rec_baseline/runs/tim4rec_sanity_001_notes.md
stch_sanity_001,STCH,loss_balancing,MultitaskTiM4Rec,SANITY,sanity,validation,B,954d8abff424b5a57daa74f361ab0f8309cf93121fcc12ef10569d2df11144c7,0.0378,0.0580,0.0930,0.1632,0.0256,0.0321,0.0409,0.0547,5,5,NVIDIA H100 PCIe,00:03:50,exact_or_close_reproduction,0,d2cc5e613ed4bf6a6c7a1475255f1bf7a4d7c8cd,experiments/moo_8families/runs/stch_sanity_001_notes.md
famo_sanity_001,FAMO,gradient_weighting,MultitaskTiM4Rec,SANITY,sanity,validation,B,954d8abff424b5a57daa74f361ab0f8309cf93121fcc12ef10569d2df11144c7,0.0423,0.0660,0.1033,0.1785,0.0301,0.0377,0.0471,0.0619,5,5,NVIDIA A100-SXM4-80GB,00:06:02,exact_or_close_reproduction,0,d2cc5e613ed4bf6a6c7a1475255f1bf7a4d7c8cd,experiments/moo_8families/runs/famo_sanity_001_notes.md
epo_sanity_001,EPO,finite_preference_set,MultitaskTiM4Rec,SANITY,sanity,validation,B,954d8abff424b5a57daa74f361ab0f8309cf93121fcc12ef10569d2df11144c7,0.0646,0.1050,0.1684,0.2982,0.0449,0.0577,0.0737,0.0992,4,5,NVIDIA H100 PCIe,00:40:05,exact_or_close_reproduction,0,d2cc5e613ed4bf6a6c7a1475255f1bf7a4d7c8cd,experiments/moo_8families/runs/epo_sanity_001_notes.md
gradhv_sanity_001,HV-Gradient / GradHV-style,finite_no_preference_set,MultitaskTiM4Rec,SANITY,sanity,validation,B,954d8abff424b5a57daa74f361ab0f8309cf93121fcc12ef10569d2df11144c7,0.0524,0.0795,0.1259,0.2310,0.0365,0.0452,0.0568,0.0775,5,5,NVIDIA H100 PCIe,00:07:30,family-level adaptation,0,d2cc5e613ed4bf6a6c7a1475255f1bf7a4d7c8cd,experiments/moo_8families/runs/gradhv_sanity_001_notes.md
phn_sanity_001,PHN-adapter,infinite_hypernetwork,MultitaskTiM4Rec,SANITY,sanity,validation,B,954d8abff424b5a57daa74f361ab0f8309cf93121fcc12ef10569d2df11144c7,0.0412,0.0630,0.0970,0.1706,0.0289,0.0358,0.0444,0.0589,5,5,NVIDIA A100-SXM4-80GB,00:05:33,family-level adaptation,0,d2cc5e613ed4bf6a6c7a1475255f1bf7a4d7c8cd,experiments/moo_8families/runs/phn_sanity_001_notes.md
cosmos_sanity_001,COSMOS-style,infinite_preference_conditioned,MultitaskTiM4Rec,SANITY,sanity,validation,B,954d8abff424b5a57daa74f361ab0f8309cf93121fcc12ef10569d2df11144c7,0.0487,0.0743,0.1160,0.2056,0.0341,0.0423,0.0527,0.0704,5,5,NVIDIA A100-SXM4-80GB,00:05:33,method-level adaptation,0,d2cc5e613ed4bf6a6c7a1475255f1bf7a4d7c8cd,experiments/moo_8families/runs/cosmos_sanity_001_notes.md
palora_sanity_001,PaLoRA,infinite_model_combination,MultitaskTiM4Rec,SANITY,sanity,validation,B,954d8abff424b5a57daa74f361ab0f8309cf93121fcc12ef10569d2df11144c7,0.0400,0.0618,0.0970,0.1731,0.0282,0.0352,0.0440,0.0590,5,5,NVIDIA A100-SXM4-80GB,00:06:04,method-level adaptation,0,d2cc5e613ed4bf6a6c7a1475255f1bf7a4d7c8cd,experiments/moo_8families/runs/palora_sanity_001_notes.md
stch_convergence_001,STCH,loss_balancing,MultitaskTiM4Rec,CANONICAL,convergence_screening,validation,B,954d8abff424b5a57daa74f361ab0f8309cf93121fcc12ef10569d2df11144c7,0.0476,0.0749,0.1163,0.2082,0.0336,0.0424,0.0528,0.0709,80,95,NVIDIA A100-SXM4-80GB,00:47:52,exact_or_close_reproduction,0,40a748b6a4f75a041d82951c61739c7f2d2f78bf,experiments/moo_8families/runs/stch_convergence_001_notes.md; canonical only for validation-only MOO family screening
famo_convergence_001,FAMO,gradient_weighting,MultitaskTiM4Rec,CANONICAL,convergence_screening,validation,B,954d8abff424b5a57daa74f361ab0f8309cf93121fcc12ef10569d2df11144c7,0.0472,0.0719,0.1102,0.1935,0.0332,0.0412,0.0508,0.0672,15,30,NVIDIA A100-SXM4-80GB,00:20:33,exact_or_close_reproduction,0,40a748b6a4f75a041d82951c61739c7f2d2f78bf,experiments/moo_8families/runs/famo_convergence_001_notes.md; canonical only for validation-only MOO family screening
pcgrad_convergence_001,PCGrad,gradient_manipulation,MultitaskTiM4Rec,CANONICAL,convergence_screening,validation,B,954d8abff424b5a57daa74f361ab0f8309cf93121fcc12ef10569d2df11144c7,0.0496,0.0790,0.1259,0.2253,0.0350,0.0444,0.0562,0.0757,25,40,NVIDIA A100-SXM4-80GB,01:11:36,exact_or_close_reproduction,0,40a748b6a4f75a041d82951c61739c7f2d2f78bf,experiments/moo_8families/runs/pcgrad_convergence_001_notes.md; canonical only for validation-only MOO family screening
epo_convergence_001,EPO,finite_preference_set,MultitaskTiM4Rec,CANONICAL,convergence_screening,validation,B,954d8abff424b5a57daa74f361ab0f8309cf93121fcc12ef10569d2df11144c7,0.0644,0.1078,0.1767,0.3171,0.0445,0.0584,0.0756,0.1033,15,30,NVIDIA A100-SXM4-80GB,05:03:30,exact_or_close_reproduction,0,40a748b6a4f75a041d82951c61739c7f2d2f78bf,experiments/moo_8families/runs/epo_convergence_001_notes.md; canonical only for validation-only MOO family screening
gradhv_convergence_001,HV-Gradient / GradHV-style,finite_no_preference_set,MultitaskTiM4Rec,CANONICAL,convergence_screening,validation,B,954d8abff424b5a57daa74f361ab0f8309cf93121fcc12ef10569d2df11144c7,0.0544,0.0874,0.1382,0.2440,0.0380,0.0486,0.0613,0.0820,50,65,NVIDIA A100-SXM4-80GB,01:27:44,family-level adaptation,0,40a748b6a4f75a041d82951c61739c7f2d2f78bf,experiments/moo_8families/runs/gradhv_convergence_001_notes.md; canonical only for validation-only MOO family screening
phn_convergence_001,PHN-adapter,infinite_hypernetwork,MultitaskTiM4Rec,CANONICAL,convergence_screening,validation,B,954d8abff424b5a57daa74f361ab0f8309cf93121fcc12ef10569d2df11144c7,0.0483,0.0746,0.1155,0.2027,0.0339,0.0423,0.0526,0.0698,60,75,NVIDIA A100-SXM4-80GB,00:40:03,family-level adaptation,0,40a748b6a4f75a041d82951c61739c7f2d2f78bf,experiments/moo_8families/runs/phn_convergence_001_notes.md; canonical only for validation-only MOO family screening
cosmos_convergence_001,COSMOS-style,infinite_preference_conditioned,MultitaskTiM4Rec,CANONICAL,convergence_screening,validation,B,954d8abff424b5a57daa74f361ab0f8309cf93121fcc12ef10569d2df11144c7,0.0519,0.0810,0.1257,0.2252,0.0360,0.0453,0.0565,0.0761,25,40,NVIDIA A100-SXM4-80GB,00:24:10,method-level adaptation,0,40a748b6a4f75a041d82951c61739c7f2d2f78bf,experiments/moo_8families/runs/cosmos_convergence_001_notes.md; canonical only for validation-only MOO family screening
palora_convergence_001,PaLoRA,infinite_model_combination,MultitaskTiM4Rec,CANONICAL,convergence_screening,validation,B,954d8abff424b5a57daa74f361ab0f8309cf93121fcc12ef10569d2df11144c7,0.0483,0.0750,0.1159,0.2080,0.0336,0.0422,0.0525,0.0706,35,50,NVIDIA A100-SXM4-80GB,00:30:08,method-level adaptation,0,40a748b6a4f75a041d82951c61739c7f2d2f78bf,experiments/moo_8families/runs/palora_convergence_001_notes.md; canonical only for validation-only MOO family screening
gradnorm_in_adaptive_smoke_001,GradNorm,adaptive_loss_balancing,MultitaskTiM4Rec,IMPLEMENTED_NOT_EVALUATED,implementation_smoke,train,B,954d8abff424b5a57daa74f361ab0f8309cf93121fcc12ef10569d2df11144c7,—,—,—,—,—,—,—,—,,,Slurm GPU id 5,,implemented smoke only,0,unknown,GradNorm code and smoke diagnostics exist inside adaptive_smoke_001; no validation/test metric row is available.
